,0,1,2,3,4,5,6,7,8,9,10,11,12,13,14,15,16,17,18,19,20,21,22,23,24,25,26,27,28,29,30,31,32,33,34,35,36,37,38,39,40,41,42,43,44,45,46,47,48,49,50,51,52,53,54,55,56,57,58,59,60,61,62,63,64,65,66,67,68,69,70,71,72,73,74,75,76,77,78,79,80,81,82,83,84,85,86,87,88,89
0,0.9779825661438658,0.9888437050456353,0.9782842171075624,0.9779825661438658,0.988664658593666,0.9778015308972938,0.9891420437777352,0.9778015308972938,0.9779825661438658,1.0,0.9674265243515311,0.9562604690876653,0.9453995150861997,0.9782842171075624,0.9671214868145926,0.9779825661438658,0.9674265243515311,0.966938418102321,0.9782842171075624,0.9778015308972938,0.9782842171075624,0.9782842171075624,0.9562604690876653,0.9560135966247705,0.9560753207166852,0.9560753207166852,0.9888437050456353,0.9671214868145926,0.966938418102321,0.9562604690876653,0.9562604690876653,0.9671214868145926,0.9671214868145926,0.9560753207166852,0.966938418102321,0.9671214868145926,0.9671214868145926,0.9560753207166852,0.9674265243515311,0.9560753207166852,0.9562604690876653,0.966938418102321,0.945212239271674,0.9457115590314189,0.9453995150861997,0.9562604690876653,0.9234861264536626,0.9234861264536626,0.8800341184120193,0.9128170581812094,0.8908970915648805,0.9017600844196159,0.9126230962726882,0.9125584331418264,0.9234861264536626,0.9234861264536626,0.9343491743232816,0.9451498057540344,0.945212239271674,0.9451498057540344,0.9560135966247705,0.945212239271674,0.9560135966247705,0.9451498057540344,0.9342860148832984,0.9668773874955064,0.9668773874955064,0.9668773874955064,0.945212239271674,0.9886049692369785,0.9778015308972938,0.9777411783662425,0.9777411783662425,0.9777411783662425,0.9778015308972938,0.966938418102321,0.9995278007055809,0.9995278007055809,0.9779825661438658,0.966938418102321,0.9671214868145926,0.9778015308972938,0.966938418102321,0.9560753207166852,0.9562604690876653,0.9453995150861997,0.9560753207166852,0.9671214868145926,0.9778015308972938,0.9778015308972938
1,0.9188923325597204,0.9396228633569387,0.9295614980364111,0.9295614980364111,0.9295614980364111,0.9289598223442916,0.9289598223442916,0.9088251757971118,0.9289598223442916,0.9183943628713032,0.9088251757971118,0.9295614980364111,0.9083216870026798,0.9195005959426031,0.9188923325597204,0.9295614980364111,0.9195005959426031,0.9188923325597204,0.9094401724491885,0.9289598223442916,0.9183943628713032,0.9295614980364111,0.9195005959426031,0.9289598223442916,0.9289598223442916,0.9295614980364111,0.9295614980364111,0.9289598223442916,0.9188923325597204,0.9094401724491885,0.9195005959426031,0.9188923325597204,0.8982492317967787,0.9188923325597204,0.9195005959426031,0.9188923325597204,0.9088251757971118,0.9083216870026798,0.9188923325597204,0.9079298915745855,0.8776997300344066,0.877410127053601,0.8881770047609393,0.8982492317967787,0.8575469695125738,0.8680332669701314,0.8579617730324322,0.8584947973448714,0.868560110556602,0.868560110556602,0.8786258181105783,0.8886919066073296,0.8993802436169692,0.8993802436169692,0.9195005959426031,0.9390276344396548,0.9597469254034569,0.9692329041497355,0.9692329041497355,0.9798726715107893,0.9698095945020802,0.9692329041497355,0.9788346705080871,0.9889087060960577,0.9889087060960577,0.9692329041497355,0.9591641849650298,0.9692329041497355,0.9692329041497355,0.9899361439899014,1.0,0.9692329041497355,0.9591641849650298,0.9591641849650298,0.9798726715107893,0.948613644160769,0.9698095945020802,0.9490957585887901,0.9597469254034569,0.9597469254034569,0.9390276344396548,0.9692329041497355,0.9597469254034569,0.9591641849650298,0.9687608112445885,0.9591641849650298,0.9396228633569387,0.9597469254034569,0.9390276344396548,0.9289598223442916
2,0.8617195586147489,0.8664358264199784,0.8799990159260032,0.8805415368627877,0.89880423173926,0.8938194863539376,0.8753921976842859,0.8891768552429925,0.8846058368121098,0.9169115267505918,0.9126190091560601,0.9269493227288647,0.8901311639214561,0.9085398539023832,0.8801437208736914,0.8938788507140041,0.852320794367614,0.8709316179196129,0.8616333453994902,0.843295576674483,0.8479015546118535,0.8156599685906722,0.8526195747440619,0.8709316179196129,0.8571135457705837,0.8570268692103777,0.9264339786501545,0.9536750577655995,0.9030331459910073,0.9490680396611562,0.9398878795539178,0.9169115267505918,0.9122468154174338,0.9168189281312131,0.9582710017608399,0.8983790641507874,0.9214259423783634,0.9030331459910073,0.9352469885410342,0.9029978889331651,0.8938194863539376,0.8063560805402215,0.801749689113577,0.8667297410550625,0.8755376640266118,0.8895944912566737,0.8753558273215873,0.8846658194424744,0.8892126603015055,0.9029978889331651,0.9720922181323904,0.9355192848361693,0.9444947313649198,0.9722668781617632,0.9723651106412704,0.9816956152166532,1.0,0.9726270154163488,0.9819982607495418,0.9451686645193828,0.968581446808993,0.9414673345528085,0.8897495632763338,0.8759375719059377,0.8483144906580883,0.8579179813504643,0.8392967703035783,0.8529182504566598,0.8573611448010166,0.8572249741843804,0.8571135457705837,0.8846658194424744,0.8753921976842859,0.8938788507140041,0.8891768552429925,0.9076049013996207,0.935235641141589,0.9537084413723529,0.9168073526461882,0.9122468154174338,0.9444947313649198,0.9261246345560554,0.9307311961538591,0.9768731265645063,0.9768731265645063,0.9629772641084939,0.9490680396611562,0.9352469885410342,0.9629221596900281,0.9997452661926914
3,0.7910605512566676,0.8706629747865404,0.8086830754982383,0.781841805186391,0.8263356427076369,0.8042431221628523,0.8083780754966309,0.8217149931677322,0.7772866110544527,0.8172734206302887,0.8306337671728666,0.7995071377292398,0.817261351051539,0.808390277706123,0.817261351051539,0.7994947999417229,0.8306337671728666,0.8172734206302887,0.7951027878532357,0.8395165400810517,0.8218110215650646,0.8217510051317762,0.8128682543140371,0.7950655688769004,0.821702988828993,0.8395165400810517,0.7995071377292398,0.821702988828993,0.8084268832295355,0.8173096282971167,0.8172734206302887,0.826156566406666,0.8305981403358363,0.8217149931677322,0.826156566406666,0.8172734206302887,0.8350397149442292,0.8394812902210637,0.8350397149442292,0.8794554961213848,0.8305981403358363,0.8616777288260791,0.8883719707582238,0.937196096191699,0.866130755343471,0.879623721741463,0.9107090600891536,0.9327439332653433,0.9327862336183397,0.9238713346626273,0.9017509233985979,0.8218950372090331,0.8306337671728666,0.8575237136371094,0.8886051144900747,0.9327862336183397,0.9431344832184096,0.9905250588876195,0.9728099355109074,0.9771704056190548,0.9864036536458997,0.9994573287349311,0.9816421438113684,0.9773218117948149,0.9460688465977054,0.9639275010027107,1.0,0.9556129744604407,0.9826063303971766,0.9697428888590066,0.9692952244090461,0.9557884365494356,0.8890379334975628,0.8397632476708708,0.8220030447049164,0.7909233756482962,0.7863706129743868,0.8131230472324704,0.8174544429268976,0.8131230472324704,0.8130138600450201,0.8262520785970954,0.7906614288542394,0.7994947999417229,0.803948707343165,0.7906115243868148,0.8086830754982383,0.7906240007989823,0.7729598346840797,0.7817282488319068
4,0.8309534955382794,0.8398984567026954,0.8621124678406628,0.822211401853926,0.8353965902379801,0.8486909960125266,0.8264626270074642,0.84424770977423,0.8443412474539091,0.835349321921523,0.8265104035561649,0.830917854987732,0.8175880063179893,0.8265104035561649,0.8353611392513852,0.8444230844241475,0.835349321921523,0.8220673143357006,0.8175880063179893,0.7998025422652879,0.8353965902379801,0.8220673143357006,0.8487258902158022,0.8310128930590697,0.8132418399388022,0.8398396876121359,0.8887694611006797,0.9153403609084415,0.9420001404249952,0.9375884295247447,0.9597630507183456,0.9064864424172479,0.8931238918976364,0.910897066059375,0.9153403609084415,0.8576696543150356,0.8444230844241475,0.8534119431544518,0.8398044241837371,0.8487840440334193,0.8353965902379801,0.8753507264937574,0.8842707995795976,0.9155021170687451,0.9554126990305833,0.9197836562657885,1.0,0.977536440546463,0.9820702592365776,0.9599276050360088,0.9597630507183456,0.9775465390112497,0.9598041919426489,0.95985561599326,0.9642063981753749,0.9597733361897534,0.9112762927550643,0.9064864424172479,0.8488654526849899,0.8221273538705733,0.8398984567026954,0.8398396876121359,0.8755198709466891,0.8533078311424561,0.87099811123386,0.8487840440334193,0.8756213419350413,0.8579803645898416,0.8667375372850727,0.8578537925071235,0.853689513112133,0.8805006204125527,0.9068348565523067,0.8846279634745363,0.9333674134707731,0.9112762927550643,0.9067151042942762,0.9067151042942762,0.8799623073683006,0.9111571242297076,0.8933891237066602,0.8798276776445811,0.8844047529432595,0.8756213419350413,0.8710774438184694,0.8799623073683006,0.9067151042942762,0.8755198709466891,0.8755198709466891,0.9112762927550643
5,0.9019174406108573,0.8970291079820292,0.9068324136408011,0.9117208910522797,0.9019707186592018,0.9068721559073358,0.9117208910522797,0.9019307604179928,0.9019307604179928,0.9117340676377638,0.9019307604179928,0.9166357223964611,0.8970291079820292,0.9019707186592018,0.9019307604179928,0.8970692845580286,0.89212745634588,0.8970291079820292,0.8970291079820292,0.9068324136408011,0.9068324136408011,0.8970692845580286,0.8970692845580286,0.9019707186592018,0.8971362415197315,0.9019707186592018,0.9117735962516793,0.9167405646388714,0.9166357223964611,0.9411823006292563,0.9362423488093179,0.9412461195502888,0.9412461195502888,0.9068721559073358,0.9264390341506977,0.9460837613136756,0.9412461195502888,0.9705911048139032,0.9901606274925421,0.9901484945836586,0.9999639589853135,0.9901606274925421,1.0,0.9950622929459563,0.9950622929459563,0.9803940601690733,0.9852589626338165,0.975443318921525,0.9803450441422362,0.9509346928179692,0.946045666282032,0.9313793876135072,0.9411440071994093,0.9411823006292563,0.9215764860313866,0.9411823006292563,0.9411823006292563,0.9411440071994093,0.9264390341506977,0.9264260667144132,0.9264390341506977,0.9168322917662599,0.9068721559073358,0.9021305339252569,0.9020373117944144,0.9020373117944144,0.9069383891481911,0.9167405646388714,0.9166750396425661,0.9264779353705601,0.9069383891481911,0.911839473466913,0.9217329019448264,0.9265427671074835,0.9069383891481911,0.9265427671074835,0.9021305339252569,0.911839473466913,0.9070311075600944,0.9119316935732591,0.9168322917662599,0.9314438781923516,0.9266335239187973,0.9315341575020124,0.9119316935732591,0.9364348025122085,0.9167405646388714,0.9313793876135072,0.9217329019448264,0.9364348025122085
6,0.9306948310380877,0.9356844835536933,0.9356844835536933,0.9357499595331691,0.9258503511297982,0.9308001519800649,0.9310107581206066,0.9307343277879708,0.940699773683303,0.9306948310380877,0.9356844835536933,0.9455459274120346,0.9356451957666593,0.9356451957666593,0.930681665082308,0.9554338370259864,0.9504962943060448,0.930681665082308,0.930681665082308,0.915830361916101,0.9108799275273654,0.8762408709725594,0.8861830659735781,0.8663825925744865,0.8764506066928742,0.8713327055377514,0.881232942297812,0.8811912267998061,0.9009926587417246,0.9208340252435928,0.9406346422520445,0.940699773683303,0.9307343277879708,0.9011966339906289,0.9011014512870231,0.9011014512870231,0.8912981821224162,0.8811912267998061,0.9009790587498939,0.9010334574855661,0.9208340252435928,0.9357499595331691,0.9308001519800649,0.9752481390542779,0.9999877465246075,1.0,0.9950496265730758,0.9950496265730758,0.9901363808534768,0.9950496265730758,0.9752481390542779,0.955446661899468,0.9654489398380336,0.9704871777040536,0.965537779187766,0.9704871777040536,0.9409081639660762,0.9407909501118078,0.9357499595331691,0.9357499595331691,0.940699773683303,0.940699773683303,0.9356844835536933,0.9306948310380877,0.9257312306935723,0.9455329682485151,0.9405825338597794,0.9108799275273654,0.9257841750019196,0.9308001519800649,0.9308001519800649,0.9357499595331691,0.9407909501118078,0.9259429897632093,0.9357499595331691,0.9456495943268743,0.9558954240695671,0.9459993862935567,0.9506896483601159,0.9605883913471895,0.9457402935558167,0.9457402935558167,0.9505994213624479,0.9405825338597794,0.9554851354870717,0.9455329682485151,0.9455329682485151,0.930681665082308,0.9356320994710438,0.9356320994710438
7,0.9519522418299967,0.9398184552016896,0.9157529153486553,0.939589807451521,0.9399899045153988,0.9218719035879596,0.9338362459704979,0.9280277216246559,0.9519522418299967,0.9519522418299967,0.9516512530494654,0.9696006062914155,0.9398184552016896,0.9577652293526053,0.945668161755256,0.939685084108676,0.9458006891512215,0.9517829473530078,0.963468815045358,0.9637475347068527,0.9636174755639166,0.9576343577355023,0.9577652293526053,0.9398184552016896,0.939685084108676,0.9517829473530078,0.9458006891512215,0.9515571745308185,0.939685084108676,0.9336061331296875,0.9278540619357505,0.9335485960568105,0.9276224651116246,0.8976443856847198,0.8737082804663215,0.8796719499226698,0.8677036240733818,0.8498354151047945,0.8498354151047945,0.8557562216148868,0.8678893196043254,0.8737697579872757,0.8737697579872757,0.8558189887180077,0.8379751354684601,0.8620518505385913,0.7959836513034332,0.8086594895866109,0.8268762068257274,0.8502777470276526,0.8445305625513259,0.8323366167058854,0.8441064310648777,0.8381246918595974,0.8445305625513259,0.8618025705149096,0.8562582296097339,0.8737697579872757,0.8858380450607165,0.9036086016212458,0.8856561128473138,0.8976244386966018,0.8736877869980257,0.8796923039828534,0.8916603566294744,0.8918209872120476,0.9157529153486553,0.8917205964887923,0.9157529153486553,0.945668161755256,0.9398184552016896,0.9278540619357505,0.9401994112186328,0.9458006891512215,0.9342196414154681,0.9517829473530078,0.9461792365704818,0.9876769811828461,0.9639147278191752,0.9521591164244306,0.9698960248476223,0.9700990729199852,0.9700990729199852,0.9878401242162814,0.9882750406407351,1.0,0.9758773570154918,0.9818587236805921,0.9760791608268958,0.9758773570154918
8,0.7302501987946138,0.7395242629671005,0.7349655711506836,0.7304069186057409,0.7120119829225906,0.7256906017858583,0.7484888597843223,0.7262495806362983,0.7302501987946138,0.7078054053718129,0.7260346397011012,0.7125816919339405,0.7037215525149708,0.6721398676972449,0.717659725535488,0.7186594438026488,0.7368460952076819,0.7843839317940307,0.7612255522880907,0.8025721868869528,0.7050657882781309,0.7312184741890764,0.7095526225349712,0.6891846979094948,0.7050657882781309,0.7252316306897216,0.722226802264514,0.7402133766174716,0.7582124130513168,0.7769599633134342,0.7830031133478685,0.7732279779193874,0.8393035950292691,0.8459593997938171,0.8699603434094882,0.8557062341832201,0.8984850027626361,0.8752309273089225,0.8152424885080379,0.8467093584983656,0.867085067250781,0.8774868338683274,0.8677688079768475,0.8594674917308884,0.8516107560745222,0.7275092883495594,0.7439711137711056,0.7867151803401462,0.7651384929593544,0.7748276828495505,0.8070842144043832,0.8329194513244649,0.8510118521239372,0.8535512441229459,0.905326372554342,0.9135640626743113,0.9104150913543505,0.9090425710261422,0.9574207681540969,0.955691205782899,0.9647502981525127,0.955691205782899,0.9637143475548223,1.0,0.9506259390437277,0.9682491948026657,0.9632283621745895,0.9450822432943196,0.9128462325223943,0.8962703399867232,0.864585426641507,0.814833960817374,0.8544163280072279,0.835762869112835,0.8402948012737415,0.8266999916530765,0.8261837880487933,0.8216500070626734,0.8307178762213326,0.8397869542229941,0.8312312641125962,0.8680085893596988,0.8730764581758611,0.8600605076089647,0.8589467527543112,0.8866643107644244,0.864019602361507,0.8600605076089647,0.8691107316583018,0.8736364166613283
9,0.984034626343628,0.9839635332809088,0.989253049863644,0.9839635332809088,0.9733845100322996,0.973341388085837,0.9576913271909063,0.9683984520963226,0.9631106155635665,0.9472472389070825,0.942122863149401,0.9525350085999469,0.9683984520963226,0.9629798637465705,0.9576913271909063,0.9522999671087897,0.9575890573484269,0.9628781556137479,0.96816726177322,0.9310685575257038,0.9469370123442209,0.9416029482497762,0.946877910046551,0.9521824246061531,0.9416029482497762,0.9521824246061531,0.9468926859668115,0.9362982685935168,0.9627619045909447,0.9416029482497762,0.9574721641525142,0.9680516459068209,0.9839635332809088,0.984034626343628,0.9734563756981683,0.9893237628203998,1.0,0.9682684143318347,0.9417218112474726,0.9682684143318347,0.9629798637465705,0.9734563756981683,0.9575890573484269,0.9945425696816751,0.9628781556137479,0.9680516459068209,0.9733270136791362,0.9839066551321702,0.9839208749776042,0.9786311311139966,0.989253049863644,0.9839208749776042,0.9786168344056532,0.9786168344056532,0.9945003651578384,0.973341388085837,0.957457551499585,0.9786311311139966,0.9628055003693837,0.978674019985928,0.9680516459068209,0.978674019985928,0.999902057492017,0.9733845100322996,0.9786168344056532,0.9680516459068209,0.9786311311139966,0.96816726177322,0.9682684143318347,0.9631106155635665,0.9578228009431325,0.9683984520963226,0.9631106155635665,0.9683984520963226,0.9683984520963226,0.9526965659878315,0.9576913271909063,0.9579834665812627,0.9848163113117955,0.9797741918681853,0.9589177145383484,0.9793171276684368,0.9742465481437136,0.9740311101397948,0.9791313843921123,0.9738443586513289,0.9791313843921123,0.9685573634323674,0.9685573634323674,0.9897055254825645
10,0.9560861858358323,0.9609641765798926,0.9609641765798926,0.9463427764052942,0.9512081950917719,0.9512207026781143,0.9414648508005564,0.9512582244504081,0.9414648508005564,0.9317473091525796,0.9414648508005564,0.9463302043477115,0.9414522136036512,0.9317090016373007,0.9365742228595908,0.9414522136036512,0.9365869258743394,0.9415027613735455,0.9610136980525655,0.9610755963050791,0.98077945027482,0.9757932489337745,0.9903402479406237,0.9610136980525655,0.9610136980525655,0.9609765571873073,0.9317473091525796,0.9512207026781143,0.9707324142487919,0.9756469275000776,0.9853662044607334,0.9805246755761409,0.9951101117883152,0.9951220675761604,1.0,0.9902441357268938,0.9902321210442548,0.9951220675761604,0.9854024260546801,0.9805246755761409,0.9756103437127163,0.9756103437127163,0.9756103437127163,0.9707691818627049,0.9707324142487919,0.9658914387009688,0.9611622471617668,0.9514082967416947,0.9562852667720525,0.9661500722059225,0.9561981739625953,0.9609765571873073,0.9414648508005564,0.9220563859494836,0.9222628126349938,0.9271391062733699,0.9225723660603481,0.9128231404584553,0.9176977353102783,0.917529182683322,0.9272802516564631,0.9321558246942651,0.9272802516564631,0.9323217330029019,0.9274470321426245,0.9370314228979812,0.9274470321426245,0.9323217330029019,0.9321558246942651,0.9417680926542868,0.9272802516564631,0.9417680926542868,0.9272802516564631,0.9420712368979709,0.9473480004467268,0.9235004037706355,0.9289851304913653,0.9390607299264929,0.9241185778146035,0.9241185778146035,0.9338518025219156,0.9335332448450631,0.9387185920499289,0.9335332448450631,0.9478502126910018,0.9332400757446457,0.9573297624726933,0.9427150947498023,0.9327299969594129,0.9278574410051011
11,0.9740468645239735,0.9485900885749985,0.9638342109220671,0.9638477019702663,0.9587345590124265,0.9791331666509888,0.9791331666509888,0.9638342109220671,0.9791464469044416,0.9690546365341688,0.9740869127741026,0.9740869127741026,0.9740468645239735,0.9740869127741026,0.9791464469044416,0.968947282875376,0.9893850428044713,0.9791862865841163,0.984285663275758,0.9740869127741026,0.9689875418912116,0.9640500450377854,0.9639556235585532,0.9689875418912116,0.9741536561989489,0.9587888090936136,0.9486586258453149,0.9588566173788172,0.9589515409228686,0.9639556235585532,0.9689875418912116,0.9538530490796426,0.9588566173788172,0.9689875418912116,0.9741536561989489,0.968947282875376,0.9638881739819001,0.9638881739819001,0.9791862865841163,0.9689875418912116,0.968947282875376,0.9640500450377854,0.9490286415751148,0.9288228854653809,0.92354400410312,0.9029984610965537,0.9283607810153617,0.8928032707291657,0.8926721806902579,0.8926721806902579,0.9078669545461907,0.9180648261807102,0.9334592084452702,0.9537576181039576,0.9692693081811484,0.979345629096074,0.9893850428044713,0.994641316864831,0.9896610017408967,0.9896610017408967,0.9894507542941201,0.9895427430487274,0.994641316864831,0.9743672044354591,0.9794651189685013,0.9690546365341688,0.9741536561989489,0.9741536561989489,0.9743672044354591,1.0,0.98470831890331,0.9949027481149078,0.9895427430487274,0.9947589694297814,0.9944844251266137,0.9791464469044416,0.9893850428044713,0.9638477019702663,0.9689338628317077,0.9587345590124265,0.958748121820508,0.9434493860258272,0.9434907330447442,0.9282627292853333,0.9536894472748125,0.9281926859937318,0.9179940047855542,0.9128946693983919,0.9230369956449426,0.9230510829736571
12,0.9399474518435851,0.9400139276141474,0.9649044076404285,0.9549056680699642,0.9999000174966881,0.9453697224471349,0.965008015973986,0.9550103611596408,0.9200187781919178,0.9501036223481258,0.9049534453958805,0.8998987670827345,0.8799152195362042,0.8350407828665996,0.810047751736883,0.8152916302774486,0.814923663523211,0.8399203950906478,0.8499632060115284,0.8801282345291659,0.9103919578723684,0.9099113768875501,0.9101173712403128,0.8999543146749656,0.9051191473220854,0.9351086854708014,0.9401069857959959,0.959905037502028,0.8850275495165302,0.9299491484918808,1.0,0.9353759357436116,0.9800938060357071,0.9500115433852225,0.9749031499927725,0.9607248964851939,0.9749031499927725,0.959905037502028,0.959905037502028,0.9399474518435851,0.959905037502028,0.9499062993553891,0.9249500014521504,0.9850033999271168,0.9448937054368712,0.9299088319034174,0.8999126543022333,0.8950250048485554,0.8699596044153455,0.8549622996833703,0.8449197446448091,0.8299066407540774,0.7799282884788746,0.8300421566126056,0.8552692066135956,0.8602665208180899,0.8652638595549933,0.8805966861351358,0.8805966861351358,0.8556198225916797,0.8704191710635716,0.8706058007195017,0.8904053094723741,0.8854087257094311,0.8905877508859212,0.8805966861351358,0.8904053094723741,0.8952483841506791,0.915388695743799,0.8900262731950277,0.8952483841506791,0.9101173712403128,0.9252336932299348,0.8950250048485554,0.9102409454752985,0.9101173712403128,0.9450127321685188,0.9152385077981666,0.9051191473220854,0.9405455646374551,0.9101173712403128,0.9151156084179893,0.935749957896695,0.90539524980771,0.9250175550051251,0.9251121216920234,0.9203854629365423,0.920113858639031,0.920113858639031,0.9151156084179893
13,0.9354564514725832,0.9355212243555152,0.9306898130113204,0.9112676050534103,0.9309502041005772,0.9111213053486649,0.9258855467933508,0.9211088504476386,0.9111213053486649,0.9060795624789807,0.9208456764849962,0.9207535478269737,0.9305335433824673,0.94037936243338,0.9304814476740298,0.886295878319166,0.8467873492059954,0.8517247602004385,0.8418785620898719,0.8470163034752073,0.8469161435984399,0.8616131590975161,0.8812633768442387,0.8911095894186477,0.8911095894186477,0.8763402718374922,0.8764508964185922,0.8813733835076113,0.8814696280762064,0.8913135622258678,0.8913135622258678,0.8861728073085998,0.896019171834251,0.9206482466432092,0.9600710341001871,0.9752375473643976,0.9753990794521157,0.9706662810825845,0.9655589251851752,0.9752375473643976,0.9849441033936043,0.9850794393191616,0.9849441033936043,0.9950797565747356,1.0,0.9901595423651969,0.9901595423651969,0.975100845466664,0.9652576509090818,0.9651446488097946,0.9454561048033089,0.9553003552410319,0.9305335433824673,0.9355212243555152,0.9304944718745787,0.9304814476740298,0.9206350831483787,0.9108020244235424,0.9157251351508411,0.9058655363599021,0.9009558053143201,0.9059190476300766,0.9060795624789807,0.9059190476300766,0.9059190476300766,0.8812633768442387,0.8861864827093662,0.896032696958169,0.886295878319166,0.886295878319166,0.9009558053143201,0.9108419406597404,0.9108020244235424,0.9059190476300766,0.9108020244235424,0.896032696958169,0.9108020244235424,0.9059190476300766,0.9255713588884383,0.9304814476740298,0.9452509944625065,0.9206877359984732,0.9255713588884383,0.9256106382088363,0.94037936243338,0.9157648367991671,0.9452509944625065,0.9452509944625065,0.9354175855899323,0.9354175855899323
14,0.9594533544777798,0.9493146834319484,0.9644628967696389,0.9493146834319484,0.9543640871338416,0.9695123026802933,0.9594002035842133,0.9694991530956261,0.9594134915836542,0.9644628967696389,0.9695123026802933,0.9543640871338416,0.9543507288285069,0.9543507288285069,0.9543507288285069,0.9493146834319484,0.9493012540728005,0.9544041609280296,0.9746009526099125,0.9543640871338416,0.9594002035842133,0.9645025509718512,0.9644628967696389,0.9644628967696389,0.9694991530956261,0.9594134915836542,0.9644496783399197,0.9645025509718512,0.9543640871338416,0.9493146834319484,0.9493146834319484,0.9493549703695798,0.9341664769350647,0.9190182776172597,0.8887075570043239,0.8887075570043239,0.8735737264729783,0.8735591327372048,0.8685243365631431,0.8786666455157306,0.878623117358029,0.9139549307828558,0.9442652804899727,0.9644496783399197,0.9594134915836542,0.9795981026070388,0.9896970521184516,0.9695123026802933,0.9745486278513324,0.9846605246487908,0.9746009526099125,0.9796501576647373,0.9493549703695798,0.9695517503642446,0.9847640968090278,0.9899031316734427,0.9949515605561591,1.0,0.9846475773627452,0.9796111166307879,0.9493146834319484,0.9644628967696389,0.9442652804899727,0.9543640871338416,0.969617492937763,0.9745617093043536,0.9796111166307879,0.9796111166307879,0.9645025509718512,0.9442652804899727,0.9645025509718512,0.9543640871338416,0.9594533544777798,0.9645025509718512,0.9897485760298861,0.9796111166307879,0.9846605246487908,0.9796111166307879,0.994746526874158,0.994746526874158,0.9897099333477772,0.9947593427173773,0.9897099333477772,0.9846605246487908,0.9846605246487908,0.9644628967696389,0.9745486278513324,0.9644628967696389,0.9594134915836542,0.9644628967696389
15,0.8986774989467379,0.9130943760049761,0.9179000031073036,0.9082887496032794,0.9178874228445263,0.9226931161578484,0.9179000031073036,0.9274988094711706,0.9274988094711706,0.9323540446982181,0.9371101960978148,0.9371101960978148,0.9371101960978148,0.9323168885097286,0.9226931161578484,0.9371101960978148,0.9275112593702896,0.9323168885097286,0.9371101960978148,0.9371101960978148,0.941928148753075,0.9179000031073036,0.884299803905365,0.8602191030846608,0.8602325267042625,0.8650247963979829,0.8650781913424118,0.8794943960081268,0.8602727963063026,0.8699499600697755,0.8747549970419628,0.8699499600697755,0.865144930388757,0.8650781913424118,0.8842606285040637,0.9323045027844926,0.941928148753075,0.9515394115495698,0.9516364900726932,0.9515758171563455,0.956381266556798,0.9612467846824537,0.9614389715805695,0.9619072662759907,0.9335422618898467,0.956767556433578,0.9857413008696473,0.9953471431289049,0.9953471431289049,1.0,0.985460115744348,0.9852726144125372,0.9950686724128902,0.97566226693585,0.975603088187657,0.9757451111534988,0.9755675792156216,0.9611867183961954,0.9563450438811926,0.965956310364753,0.965956310364753,0.9611867183961954,0.9803732145070384,0.9707619444986685,0.9851788503645125,0.9611867183961954,0.965956310364753,0.9612467846824537,0.9564416346342801,0.9659921726381391,0.956381266556798,0.9612467846824537,0.9611506768226207,0.956381266556798,0.9611506768226207,0.9611506768226207,0.9563450438811926,0.9612467846824537,0.9566347868823509,0.9612467846824537,0.9566347868823509,0.9615710777911021,0.956767556433578,0.9519640569999801,0.9566347868823509,0.9470264634115815,0.9471605798238683,0.9471605798238683,0.9518306174154215,0.956767556433578
16,0.8786344905051039,0.8920133425715349,0.8741407474225188,0.8607498391654564,0.8696809620394991,0.865221177257944,0.8607613930872026,0.8607613930872026,0.8563016095368183,0.8652096828917023,0.8562899954392106,0.865221177257944,0.8607498391654564,0.8563016095368183,0.865221177257944,0.8562899954392106,0.8518768503672244,0.8696695266179482,0.8696695266179482,0.8830603199565006,0.891979894788809,0.900987780178085,0.8966060776224246,0.9055240167593555,0.9055240167593555,0.9099829991793524,0.9010650428646485,0.9234569262965747,0.9281726645331515,0.9062376114033572,0.9062376114033572,0.8973267642411732,0.8748572050834007,0.8568589010953597,0.8744137528938464,0.9012857569017285,0.9370873531612991,0.9603587688534304,0.9734828544198768,1.0,0.9777234750027665,0.9864424265973802,0.972900368025373,0.9684435380891877,0.9592397107391473,0.9547816107666168,0.9411961046493513,0.9502084055630665,0.9366627457160598,0.9366096562506898,0.9321073387853906,0.9276582157753838,0.9231984238394347,0.9232307406048632,0.9276582157753838,0.9142788414833233,0.9099064937415335,0.8965284306629833,0.8965284306629833,0.8920133425715349,0.8964396830453967,0.8964285889754235,0.8919687452491777,0.9008994718511788,0.9098190510780213,0.8964396830453967,0.8964396830453967,0.9008994718511788,0.8919687452491777,0.9053592611980393,0.887520107089695,0.887520107089695,0.8964396830453967,0.8964396830453967,0.9053592611980393,0.891979894788809,0.9008994718511788,0.8964396830453967,0.8964396830453967,0.887520107089695,0.891979894788809,0.8830941055741822,0.887520107089695,0.8830603199565006,0.8875537229411474,0.887520107089695,0.8786344905051039,0.8964729644315655,0.8786344905051039,0.8875537229411474
17,0.838723111332315,0.8613722061303214,0.8206438060506064,0.8835546226682384,0.8566555935871598,0.8340592284807586,0.8564795359047185,0.8340953894693578,0.8251276643268094,0.8430631257608496,0.8565147503363169,0.8252738641917007,0.8072545222369513,0.8252738641917007,0.8253834970959051,0.8118247206593138,0.8251276643268094,0.7981867734743326,0.7758701850601741,0.7712824652903446,0.7715952424848946,0.8116389384898717,0.7264420239742505,0.8116389384898717,0.7892059285302727,0.8161229950244392,0.8295630498755707,0.86096359936163,0.8520898691776169,0.829575169042705,0.8210357436538237,0.8430631257608496,0.7535464312678873,0.8341556543001485,0.8565734378385501,0.8878566695965568,0.8788998594276234,0.8878679930713029,0.8474995482512587,0.9058375641574435,0.8788884204087127,0.9148603263258815,0.955129064561455,0.9596445698907388,0.9640972158335624,0.9820232860689189,0.995566550118836,0.9730653689105393,0.9914885194725518,0.98651760180246,1.0,0.9775494461103303,0.9326979155357769,0.9326979155357769,0.8623637308181457,0.8969258059131823,0.9013536604291584,0.8926224158684565,0.8654825129918998,0.8430631257608496,0.8519954730913409,0.8475114109317121,0.8699201712208687,0.8474995482512587,0.8161106760938047,0.7847218039363507,0.7758053926072179,0.8116760983256112,0.8206070523028082,0.8520898691776169,0.8700241782027153,0.8519954730913409,0.8880378278660602,0.8206438060506064,0.8702090488102793,0.8520308728492526,0.8252738641917007,0.8833725450026347,0.8789341755911062,0.847606306398467,0.86096359936163,0.843027349436264,0.8475469979768573,0.8206070523028082,0.8699663980812368,0.8790714268490947,0.8386391988628615,0.8475469979768573,0.8116760983256112,0.883418067937218
18,0.9473236038432767,0.9473236038432767,0.9476094157682723,0.9688050314217745,0.9480094077003606,0.9372074933627299,0.9580114622862038,0.9372074933627299,0.9480094077003606,0.9684136289171296,0.9896014813319649,0.9580114622862038,0.9580114622862038,0.969308030981626,0.9792031563932319,0.9797008173456828,0.9485234351905699,0.9480094077003606,0.9476094157682723,0.9480094077003606,0.9476094157682723,0.9584071129261574,0.9584071129261574,0.9589155667339974,0.9584071129261574,0.9688050314217745,0.9584071129261574,0.9476094157682723,0.9476094157682723,0.9584071129261574,0.9372074933627299,0.92680569924847,0.93761192283959,0.9584071129261574,0.9584071129261574,0.9485234351905699,0.9372074933627299,0.9372074933627299,0.9476094157682723,0.9476094157682723,0.9265134697916554,0.9372074933627299,0.9164040377940663,0.9164040377940663,0.9161084903171653,0.9164040377940663,0.9265134697916554,0.9164040377940663,0.9161084903171653,0.8952987166458632,0.8848939268061682,0.8952987166458632,0.8847102944048953,0.8848939268061682,0.8743033869763609,0.8536799736437224,0.8643978880346838,0.8744892047079712,0.853997126373631,0.8640845527983639,0.8534896254365972,0.8534896254365972,0.8638964971061668,0.8848939268061682,0.8848939268061682,0.9055241595154735,0.9055241595154735,0.9263380878669132,0.9159311160555429,0.9367450744406052,0.9263380878669132,0.9367450744406052,0.9367450744406052,0.9263380878669132,0.9471520752900084,0.968133958818908,0.9577287546156676,0.9476094157682723,0.9684136289171296,1.0,0.9996208119903758,0.9892183073612809,0.9792031563932319,0.9684136289171296,0.9996208119903758,0.9688050314217745,0.9584071129261574,0.9792031563932319,0.9792031563932319,0.969308030981626
19,0.8558173353913012,0.8419027510870184,0.8279502797446494,0.8232469092216671,0.8326011003000345,0.8325621260175615,0.8558552506693016,0.8372131663233071,0.8186486485849506,0.8372519240987407,0.8373165164044123,0.8233651493528652,0.8326660533835908,0.8234571021614141,0.8419669866001082,0.8140642755082979,0.8139978380943484,0.8283682253945613,0.851356887152068,0.8327569791893746,0.8421725073175403,0.84205690808619,0.8374069372621821,0.8188071836505528,0.8328738692109693,0.8283682253945613,0.8421725073175403,0.828224580366259,0.8467068914513163,0.8421725073175403,0.8285379555931247,0.8516109477029792,0.8423137737221097,0.8655569121817894,0.8283682253945613,0.8465535812122981,0.8698077771325184,0.8605060899015081,0.8697580340364505,0.9257583443279146,0.9209672510685589,0.9303271404406002,0.9303271404406002,0.9814288189759696,0.9674761173492369,0.9350587093573604,0.9305131454189296,0.8977129056882506,0.83318549576311,0.8610715469034925,0.8471283515457138,0.8564237784107845,0.8568278352980231,0.8752004671744618,0.9261438311915534,0.8982549410765484,0.9220940466585026,0.9397089056793834,0.9492372497850716,0.940261242466306,0.9678338125707564,0.9582307677697528,0.9491118980705371,0.981660234760576,0.9769107902795335,0.9953815384281823,0.9907852166219335,0.9910799323738153,0.9535234343304934,0.9535234343304934,0.9069788597393095,0.8930620442179966,0.8837236111658119,0.9163163770506392,0.9581743265523416,0.9814839229213809,0.9441872896126785,0.9860468156173008,0.9860797235167982,1.0,0.930222496295669,0.9442216563964638,0.9303271404406002,0.9395362338427474,0.9209320164913541,0.8977129056882506,0.9442216563964638,0.9069788597393095,0.8930257086337888,0.9166940350876627
20,0.9566262238117952,0.9350900541240651,0.9566262238117952,0.9566262238117952,0.9570390329773074,0.9570390329773074,0.9570390329773074,0.9460089068410473,0.9460089068410473,0.9353917252788383,0.9464263470446701,0.9570390329773074,0.9676519514077938,0.9353917252788383,0.935813901519873,0.9566262238117952,0.9566262238117952,0.9566262238117952,0.9570390329773074,0.9570390329773074,0.9464263470446701,0.9460089068410473,0.9566262238117952,0.9570390329773074,0.9570390329773074,0.9566262238117952,0.9469627854870502,0.9460089068410473,0.9460089068410473,0.9570390329773074,0.9566262238117952,0.9570390329773074,0.9460089068410473,0.9672436717319923,0.9350900541240651,0.9457106224549974,0.9457106224549974,0.9457106224549974,0.9138491065787907,0.9350900541240651,0.9244695481077921,0.9350900541240651,0.9242864183463915,0.9244695481077921,0.9138491065787907,0.9138491065787907,0.9138491065787907,0.903541040777234,0.9030412945881309,0.8933666948467803,0.8607479497891617,0.8607479497891617,0.8504597560360798,0.8395080271029286,0.8395080271029286,0.861075666515214,0.8504597560360798,0.8716917565582699,0.903541040777234,0.9138491065787907,0.9353917252788383,0.9353917252788383,0.9350900541240651,0.9350900541240651,0.9457106224549974,0.9460089068410473,0.9775726810256784,0.9563312510244764,0.9775726810256784,0.9566262238117952,0.9672436717319923,0.9563312510244764,0.9672436717319923,0.9778612463361597,0.9778612463361597,0.9778612463361597,0.9990967594408463,0.998814329255856,0.9778612463361597,0.9884789435420358,0.9778612463361597,0.9888784558193711,1.0,0.9888784558193711,0.9888784558193711,0.9888784558193711,0.9778612463361597,0.9884789435420358,0.9672436717319923,0.9888784558193711
21,0.8561088356820242,0.8366031536961717,0.8432533260864205,0.8368256775540299,0.823744604827978,0.8303981020586965,0.843523147534296,0.8303981020586965,0.8239706013096477,0.843523147534296,0.8303981020586965,0.8494618897216363,0.8368256775540299,0.8499488269297093,0.8430324988494988,0.8306720991901917,0.8432533260864205,0.8430324988494988,0.8428607043325858,0.7982613818868528,0.8178214810359337,0.8044571520775579,0.8239706013096477,0.8175431770698436,0.8370975708267919,0.843523147534296,0.8438419161949078,0.869892605404673,0.8692264584698859,0.8820786856788395,0.8506300707315836,0.7731959217872871,0.8364300386559375,0.8370975708267919,0.8557221123034292,0.8370975708267919,0.8506300707315836,0.8506300707315836,0.8506300707315836,0.837418785426649,0.837418785426649,0.8628004846070476,0.875392607994072,0.8628004846070476,0.8687503265002924,0.8952317359091667,0.8885049349822282,0.8561088356820242,0.8687503265002924,0.8366031536961717,0.8620328683655741,0.8366031536961717,0.8687503265002924,0.8563746067015217,0.8687503265002924,0.8818206616192173,0.908080413648228,0.9270642120648419,0.901357695312146,0.9209295395675113,0.9341113575482934,0.9399179412447338,0.947328133704616,0.9598027918865258,0.9665898814942108,0.9730107753609479,0.9730107753609479,0.967445611714924,0.9931079474349144,0.9798330574925794,0.9802763397024734,0.993586950153123,0.9798330574925794,0.9802763397024734,0.992274348473706,0.9798330574925794,0.9862516371488185,0.966996447770746,0.9862516371488185,0.9926703952637885,0.9854962102520743,0.9931079474349144,0.9858530117540221,0.9610305886369674,0.9931079474349144,0.9734146598252782,0.9866920357456764,0.9734146598252782,0.9931079474349144,1.0
22,0.9587444244267054,0.9379062052212529,0.9480817059525121,0.9175558368257194,0.9485739460476089,0.9277309131978435,0.9485739460476089,0.9277309131978435,0.9786093952889058,0.9480817059525121,0.9273394773350622,0.9379062052212529,0.9384037828946755,0.9485739460476089,0.9379062052212529,0.9277309131978435,0.9379062052212529,0.9171600583399322,0.9277309131978435,0.9175558368257194,0.9485739460476089,0.9384037828946755,0.9175558368257194,0.9175558368257194,0.9175558368257194,0.9273394773350622,0.9175558368257194,0.9480817059525121,0.9277309131978435,0.9171600583399322,0.9375190177877422,0.9379062052212529,0.9384037828946755,0.9277309131978435,0.9273394773350622,0.9175558368257194,0.9171600583399322,0.9175558368257194,0.9171600583399322,0.9175558368257194,0.9171600583399322,0.9171600583399322,0.9277309131978435,0.9384037828946755,0.9277309131978435,0.9066947863998377,0.8968016012659628,0.9069807648918566,0.9066947863998377,0.8863300248006216,0.8866225719336501,0.8965123757283135,0.8861544501629322,0.8863300248006216,0.8759109070062138,0.8657258964596299,0.8454172286252697,0.845907894498629,0.8759701201823509,0.8965123757283135,0.8764436815739813,0.9069807648918566,0.9171600583399322,0.9273394773350622,0.9273394773350622,0.9372423574052353,0.9273394773350622,0.9273394773350622,0.9372423574052353,0.927059779099976,0.9476986757841269,0.9372423574052353,0.9578784475767008,0.927059779099976,0.9379062052212529,0.9689152081053972,0.9593393300639085,0.9593393300639085,0.9695038727803512,0.979668840651982,0.9790862875692948,0.9587444244267054,0.979668840651982,0.9790862875692948,1.0,0.9892576536950275,0.988785667086495,0.9994292977303726,0.979668840651982,0.988785667086495
23,0.8865505314983323,0.9009476090321764,0.8798953663742389,0.8939300261084016,0.9079653554448381,0.8798953663742389,0.8939300261084016,0.8869126105542686,0.9153880557800913,0.8865505314983323,0.9076116751275618,0.8873302104882085,0.8939300261084016,0.8798953663742389,0.8869126105542686,0.8798953663742389,0.8939300261084016,0.9079653554448381,0.8862440413703276,0.8869126105542686,0.8798953663742389,0.9005911727085621,0.9005911727085621,0.8869126105542686,0.8935707905465325,0.8795303985119808,0.8654905229948647,0.8027182764002446,0.8031796529742522,0.7961688953069476,0.7826849319123422,0.7762846967145326,0.7681290436577346,0.7902842978479601,0.7891584470696479,0.8242137035941548,0.8377957412904862,0.8662891566555577,0.8878032529533539,0.8807931045150303,0.8943443493772565,0.8878032529533539,0.8878032529533539,0.8873302104882085,0.8189229051768938,0.851828188098991,0.866773682369571,0.9083732770028694,0.8869126105542686,0.9013587065678436,0.9146322950343394,0.9497370656919332,0.9005911727085621,0.9076116751275618,0.9079653554448381,0.9146322950343394,0.9009476090321764,0.9005911727085621,0.9076116751275618,0.8935707905465325,0.8795303985119808,0.9073122994825401,0.8932667091537616,0.9216530297440327,0.8795303985119808,0.8862440413703276,0.8869126105542686,0.8935707905465325,0.9005911727085621,0.8865505314983323,0.9290195385662173,0.936037902439669,0.936037902439669,0.9509065490381821,0.9719453164644015,0.9649321723872499,0.978958675793234,0.9715132447309082,0.978958675793234,0.9929860219621924,0.9715132447309082,0.9925631094811005,0.9864480588370599,1.0,0.9934584758038235,0.9995800550683731,0.9864480588370599,0.9995800550683731,0.9851703569712591,0.999209368854011
